Availability,Price,Beds,Baths,Sqft,Address,Community,URL
Move-in ready,"$1,369,990",5.0,4.5,5176.0,"1421 Palmer Drive N, Lake Elmo, MN",Cypress in Royal Club,https://www.lennar.comclass=
Move-in ready,"$680,405",4.0,3.0,2487.0,"3121 Sugar Maple Dr., Chaska, MN",Sinclair in Reserve at Autumn Woods,https://www.lennar.comclass=
Move-in ready,"$406,114",3.0,2.5,1906.0,"10931 Zest St. NE Unit C, Blaine, MN",Jefferson in North Meadows,https://www.lennar.comclass=
Move-in ready,"$589,990",4.0,2.5,2480.0,"12691 Abbeyside Court (M-WHC, Rosemount, MN",Sinclair in Meadow Ridge,https://www.lennar.comclass=
Move-in ready,"$557,990",4.0,4.0,2628.0,"18732 Hancock Avenue (M-WHC), Lakeville, MN",Donovan in Avonlea,https://www.lennar.comclass=
Move-in ready,"$399,990",4.0,3.0,2049.0,"8025 Lander Ave NE (M-WHC), Otsego, MN",Cascade in Hunter Hills,https://www.lennar.comclass=
Move-in ready,"$369,990",3.0,2.5,1719.0,"16750 Dunkirk Circle N (MWHC, Dayton, MN",Raleigh in Territorial Commons,https://www.lennar.comclass=
Move-in ready,"$385,990",3.0,2.5,1777.0,"1713 Tyrone Drive (M), Shakopee, MN",St.Clair in Summerland Place,https://www.lennar.comclass=
Move-in ready,"$354,990",3.0,2.5,1842.0,"23045 Hazel Lane, Rogers, MN",Taylor in Skye Meadows,https://www.lennar.comclass=
Move-in ready,"$376,990",3.0,2.5,1906.0,"11017 Zest St NE Unit A (M), Blaine, MN",Jefferson in North Meadows,https://www.lennar.comclass=
Move-in ready,"$349,990",3.0,2.5,1804.0,"11017 Zest St NE Unit B (M), Blaine, MN",Madison in North Meadows,https://www.lennar.comclass=
Move-in ready,"$362,690",3.0,2.5,1769.0,"10885 Territorial Trail, Dayton, MN",Revere in Territorial Commons,https://www.lennar.comclass=
Move-in ready,"$372,990",3.0,3.0,2007.0,"7582 38th Street N., Oakdale, MN",Fremont in Willowbrooke,https://www.lennar.comclass=
Move-in ready,"$391,990",3.0,2.5,1842.0,"23001 Hazel Lane, Rogers, MN",Taylor in Skye Meadows,https://www.lennar.comclass=
Move-in ready,"$598,990",4.0,3.0,2706.0,"3022 Ironwood Blvd (M), Chaska, MN",Lewis in Reserve at Autumn Woods,https://www.lennar.comclass=
Move-in ready,"$363,990",2.0,2.0,1559.0,"12504 Waterside Court, Rogers, MN",Magnolia in Skye Meadows,https://www.lennar.comclass=
Move-in ready,"$330,990",3.0,2.5,1782.0,"10904 Garland Place N, Dayton, MN",Revere in Territorial Commons,https://www.lennar.comclass=
Move-in ready,"$829,990",2.0,2.5,3240.0,"1481 Palmer Drive N, Lake Elmo, MN",Prescara in Royal Club,https://www.lennar.comclass=
Move-in ready,"$645,245",4.0,3.0,2697.0,"10966 Ithaca Lane N, Dayton, MN",Taylor in Sundance Greens,https://www.lennar.comclass=
Move-in ready,"$362,990",3.0,2.5,1719.0,"22955 Hazel Lane, Rogers, MN",Richmond in Skye Meadows,https://www.lennar.comclass=
Move-in ready,"$411,990",3.0,2.5,1831.0,"10884 Dunkirk Circle N, Dayton, MN",Taylor in Territorial Commons,https://www.lennar.comclass=
Move-in ready,"$364,990",3.0,2.5,1719.0,"439 Murray Hill Way, Waconia, MN",Richmond in Waterford,https://www.lennar.comclass=
Move-in ready,"$355,990",3.0,3.0,1914.0,"7558 38th Street N., Oakdale, MN",Newport in Willowbrooke,https://www.lennar.comclass=
Move-in ready,"$598,990",4.0,3.0,2706.0,"10975 Ithaca Lane N, Dayton, MN",Lewis in Sundance Greens,https://www.lennar.comclass=
Move-in ready,"$414,599",2.0,2.0,1557.0,"7400 Forest Lane, Lino Lakes, MN",Cordoba in Watermark,https://www.lennar.comclass=
Move-in ready,"$380,490",3.0,3.0,1944.0,"7560 38th Street N., Oakdale, MN",Newport in Willowbrooke,https://www.lennar.comclass=
Move-in ready,"$344,990",3.0,3.0,1690.0,"7562 38th Street N., Oakdale, MN",Ontario in Willowbrooke,https://www.lennar.comclass=
Move-in ready,"$376,390",3.0,2.5,1719.0,"1614 144th St E, Rosemount, MN",Raleigh in Talamore,https://www.lennar.comclass=
Move-in ready,"$822,825",1.0,1.5,2008.0,"11419 Kings Court N, Lake Elmo, MN",Monaco in Royal Club,https://www.lennar.comclass=
Move-in ready,"$459,990",2.0,2.0,1587.0,"7404 Forest Lane, Lino Lakes, MN",Florentine in Watermark,https://www.lennar.comclass=
Move-in ready,"$394,890",3.0,3.0,2007.0,"7564 38th Street N., Oakdale, MN",Fremont in Willowbrooke,https://www.lennar.comclass=
Move-in ready,"$333,990",3.0,2.5,1769.0,"14839 Ardee Pl, Rosemount, MN",Revere in Amber Fields,https://www.lennar.comclass=
Move-in ready,"$649,990",4.0,2.5,2697.0,"2975 Ironwood Blvd, Chaska, MN",Taylor in Reserve at Autumn Woods,https://www.lennar.comclass=
Move-in ready,"$398,965",2.0,2.0,1559.0,"12465 Waterside Court, Rogers, MN",Magnolia in Skye Meadows,https://www.lennar.comclass=
Move-in ready,"$350,990",3.0,2.5,1800.0,"10884 Fountain Place N, Dayton, MN",Franklin in Territorial Commons,https://www.lennar.comclass=
Move-in ready,"$644,420",4.0,3.0,2682.0,"11005 Ithaca Lane N, Dayton, MN",Taylor in Sundance Greens,https://www.lennar.comclass=
Move-in ready,"$391,390",3.0,2.5,1791.0,"10890 Fountain Place N, Dayton, MN",Franklin in Territorial Commons,https://www.lennar.comclass=
Move-in ready,"$436,990",2.0,2.5,1517.0,"20068 Grassland Way, Rogers, MN",Florence in Laurel Creek,https://www.lennar.comclass=
Move-in ready,"$789,990",4.0,4.0,3026.0,"1938 Visionary Court, Chanhassen, MN",Summit in The Park,https://www.lennar.comclass=
Move-in ready,"$539,940",2.0,2.5,1517.0,"20124 Grassland Way, Rogers, MN",Florence in Laurel Creek,https://www.lennar.comclass=
Move-in ready,"$353,990",3.0,2.5,1804.0,"14534 112th Avenue N, Dayton, MN",Madison in Sundance Greens,https://www.lennar.comclass=
Move-in ready,"$739,990",4.0,3.5,3436.0,"18144 Hinckley Ave, Lakeville, MN",Snelling in Caslano,https://www.lennar.comclass=
Move-in ready,"$472,770",3.0,2.5,1831.0,"3518 109th Lane NE, Blaine, MN",Taylor in North Meadows,https://www.lennar.comclass=
Move-in ready,"$419,050",3.0,2.5,1906.0,"14531 112th Avenue N, Dayton, MN",Jefferson in Sundance Greens,https://www.lennar.comclass=
Move-in ready,"$539,990",4.0,2.5,2692.0,"1904 Balsam Drive, Carver, MN",Lewis in Timber Creek,https://www.lennar.comclass=
Move-in ready,"$305,520",3.0,2.5,1800.0,"8742 Parkington Ave NE, Otsego, MN",Franklin in Parrish Meadows,https://www.lennar.comclass=
Move-in ready,"$499,990",4.0,2.5,2469.0,"17745 54th Street NE, Otsego, MN",Sinclair in River Pointe,https://www.lennar.comclass=
Move-in ready,"$698,990",4.0,3.0,2706.0,"19985 64th Avenue, Corcoran, MN",Lewis in Tavera,https://www.lennar.comclass=
Move-in ready,"$429,990",3.0,2.5,1774.0,"3520 109th Lane NE, Blaine, MN",St. Croix in North Meadows,https://www.lennar.comclass=
Move-in ready,"$669,075",4.0,3.0,2271.0,"19989 64th Avenue, Corcoran, MN",Vanderbilt in Tavera,https://www.lennar.comclass=
Move-in ready,"$844,990",1.0,1.5,1962.0,"11411 Kings Court N, Lake Elmo, MN",Madrid in Royal Club,https://www.lennar.comclass=
Move-in ready,"$485,000",3.0,2.0,1920.0,"215 4th Street NW, Delano, MN",Clearwater in Highland Ridge,https://www.lennar.comclass=
Move-in ready,"$576,200",4.0,2.5,2271.0,"1906 Balsam Drive, Carver, MN",Vanderbilt in Timber Creek,https://www.lennar.comclass=
Move-in ready,"$386,190",3.0,2.5,1777.0,"1802 Arbor Lane, Carver, MN",St.Clair in Timber Creek,https://www.lennar.comclass=
Move-in ready,"$469,990",2.0,2.5,1517.0,"20079 Gamma Lane, Lakeville, MN",Florence in Cedar Hills,https://www.lennar.comclass=
Move-in ready,"$539,990",4.0,2.5,2271.0,"12659 Arklow Avenue, Rosemount, MN",Vanderbilt in Meadow Ridge,https://www.lennar.comclass=
Move-in ready,"$482,970",2.0,2.0,1557.0,"7412 Forest Lane, Lino Lakes, MN",Cordoba in Watermark,https://www.lennar.comclass=
Move-in ready,"$492,990",4.0,2.5,2185.0,"657 151st Lane NW, Andover, MN",Bristol in Fields of Winslow Cove,https://www.lennar.comclass=
Move-in ready,"$516,090",4.0,2.5,2692.0,"11484 82nd Street NE, Otsego, MN",Lewis in Hunter Hills,https://www.lennar.comclass=
Move-in ready,"$499,990",4.0,2.5,2185.0,"3542 110th Lane NE, Blaine, MN",Bristol in North Meadows,https://www.lennar.comclass=
Move-in ready,"$599,990",4.0,3.5,2786.0,"5002 RANDOLPH AVE NE, Otsego, MN",McKinley in River Pointe,https://www.lennar.comclass=
Move-in ready,"$414,990",3.0,2.5,1719.0,"20055 62nd Pl, Corcoran, MN",Raleigh in Tavera,https://www.lennar.comclass=
Move-in ready,"$373,990",3.0,2.5,1906.0,"14540 112th Avenue N, Dayton, MN",Jefferson in Sundance Greens,https://www.lennar.comclass=
Move-in ready,"$440,410",3.0,2.5,1777.0,"20053 62nd Pl, Corcoran, MN",St.Clair in Tavera,https://www.lennar.comclass=
Move-in ready,"$531,910",4.0,2.5,2692.0,"513 Heartland Drive, Delano, MN",Lewis in Highland Ridge,https://www.lennar.comclass=
Move-in ready,"$594,990",3.0,2.5,1783.0,"20115 114th Avenue, Rogers, MN",Salem in Laurel Creek,https://www.lennar.comclass=
Move-in ready,"$386,190",3.0,2.5,1719.0,"1804 Arbor Lane, Carver, MN",Raleigh in Timber Creek,https://www.lennar.comclass=
Move-in ready,"$477,325",4.0,2.0,2280.0,"13632 141st Avenue N, Dayton, MN",Courtland II in Edgewater,https://www.lennar.comclass=
Move-in ready,"$396,650",3.0,2.5,1804.0,"14542 112th Avenue N, Dayton, MN",Madison in Sundance Greens,https://www.lennar.comclass=
Move-in ready,"$436,665",3.0,2.5,1719.0,"20051 62nd Pl, Corcoran, MN",Raleigh in Tavera,https://www.lennar.comclass=
Move-in ready,"$339,990",3.0,2.5,1719.0,"22932 Hazel Lane, Rogers, MN",Raleigh in Skye Meadows,https://www.lennar.comclass=
Move-in ready,"$586,990",4.0,2.5,2692.0,"2732 Downing Ave., Shakopee, MN",Lewis in Summerland Place,https://www.lennar.comclass=
Move-in ready,"$369,990",3.0,2.5,1719.0,"1934 Tyrone Drive, Shakopee, MN",Raleigh in Summerland Place,https://www.lennar.comclass=
Move-in ready,"$883,230",4.0,4.0,3328.0,"6322 Tamarack Ln, Corcoran, MN",Washburn in Tavera,https://www.lennar.comclass=
Move-in ready,"$429,990",3.0,2.5,1719.0,"20049 62nd Pl, Corcoran, MN",Raleigh in Tavera,https://www.lennar.comclass=
Move-in ready,"$336,990",3.0,2.5,1906.0,"8032 149th Lane NW, Ramsey, MN",Jefferson in Lynwood,https://www.lennar.comclass=
Move-in ready,"$594,990",5.0,4.0,2926.0,"6638 94th Street S, Cottage Grove, MN",McKinley in Summers Landing West,https://www.lennar.comclass=
Move-in ready,"$399,990",3.0,2.0,1582.0,"13771 141st Avenue N, Dayton, MN",Courtland in Edgewater,https://www.lennar.comclass=
Move-in ready,"$552,490",4.0,3.5,2185.0,"490 Heartland Drive, Delano, MN",Bristol in Highland Ridge,https://www.lennar.comclass=
Move-in ready,"$319,990",3.0,2.5,1719.0,"22928 Hazel Lane, Rogers, MN",Raleigh in Skye Meadows,https://www.lennar.comclass=
Move-in ready,"$346,445",3.0,2.5,1719.0,"22914 Hazel Lane, Rogers, MN",Raleigh in Skye Meadows,https://www.lennar.comclass=
Move-in ready,"$539,630",4.0,2.5,2692.0,"17645 54th Street NE, Otsego, MN",Lewis in River Pointe,https://www.lennar.comclass=
Move-in ready,"$359,990",3.0,2.5,1719.0,"1808 Arbor Lane, Carver, MN",Raleigh in Timber Creek,https://www.lennar.comclass=
Move-in ready,"$363,760",3.0,3.0,1690.0,"7537 38th Street N., Oakdale, MN",Ontario in Willowbrooke,https://www.lennar.comclass=
Move-in ready,"$719,990",4.0,2.5,2692.0,"7326 Auburn Lane, Inver Grove Heights, MN",Lewis in Highlands at Settlers Ridge,https://www.lennar.comclass=
Move-in ready,"$377,990",3.0,3.0,1944.0,"7539 38th Street N., Oakdale, MN",Newport in Willowbrooke,https://www.lennar.comclass=
Move-in ready,"$384,990",3.0,2.5,1791.0,"10526 Weston Way N, Maple Grove, MN",Franklin in Weston Commons,https://www.lennar.comclass=
Move-in ready,"$549,990",4.0,3.5,2786.0,"613 Sierra Parkway, Waconia, MN",McKinley in Waterford,https://www.lennar.comclass=
Move-in ready,"$445,990",3.0,2.5,1946.0,"7486 Upper 38th Street N, Oakdale, MN",Glacier in Willowbrooke,https://www.lennar.comclass=
Move-in ready,"$640,595",4.0,2.5,2692.0,"1517 Eden Circle, Shakopee, MN",Lewis in Summerland Place,https://www.lennar.comclass=
Move-in ready,"$559,935",4.0,2.5,2271.0,"645 151st Lane NW, Andover, MN",Vanderbilt in Fields of Winslow Cove,https://www.lennar.comclass=
Move-in ready,"$359,990",3.0,2.5,1777.0,"1920 Tyrone Drive, Shakopee, MN",St.Clair in Summerland Place,https://www.lennar.comclass=
Move-in ready,"$594,990",4.0,2.5,2692.0,"8446 60th Street S, Cottage Grove, MN",Lewis in Calarosa,https://www.lennar.comclass=
Move-in ready,"$533,990",4.0,2.5,2185.0,"20426 Gargoyle Lane, Lakeville, MN",Bristol in Cedar Hills,https://www.lennar.comclass=
Move-in ready,"$469,990",3.0,2.5,1991.0,"14308 Allerton Way, Rosemount, MN",Glade in Talamore,https://www.lennar.comclass=
Move-in ready,"$354,990",3.0,2.5,1906.0,"21912 Wisteria Way, Farmington, MN",Jefferson in Vermillion Commons,https://www.lennar.comclass=
Move-in ready,"$395,990",3.0,2.5,1719.0,"10591 Weston Way N, Maple Grove, MN",Raleigh in Weston Commons,https://www.lennar.comclass=
Move-in ready,"$689,990",4.0,3.0,2487.0,"6234 Tamarack Ln, Corcoran, MN",Sinclair in Tavera,https://www.lennar.comclass=
Move-in ready,"$541,945",4.0,2.5,2706.0,"516 Waterford Place, Waconia, MN",Lewis in Waterford,https://www.lennar.comclass=
Move-in ready,"$688,970",4.0,3.5,3026.0,"5009 RAMIER AVE NE, Otsego, MN",Summit in River Pointe,https://www.lennar.comclass=
Move-in ready,"$323,990",3.0,2.5,1791.0,"21854 Denton Ave, Farmington, MN",Franklin in Vermillion Commons,https://www.lennar.comclass=
Move-in ready,"$399,990",4.0,3.0,2328.0,"9525 52nd Lane NE, Saint Michael, MN",Courtland II in Fieldstone Passage,https://www.lennar.comclass=
Move-in ready,"$399,475",3.0,2.5,1719.0,"453 Murray Hill Way, Waconia, MN",Richmond in Waterford,https://www.lennar.comclass=
Move-in ready,"$756,415",4.0,4.0,3328.0,"2963 Ironwood Blvd, Chaska, MN",Washburn in Reserve at Autumn Woods,https://www.lennar.comclass=
Move-in ready,"$329,990",3.0,2.5,1804.0,"23272 Amber Drive, Rogers, MN",Madison in Skye Meadows,https://www.lennar.comclass=
Move-in ready,"$570,835",2.0,2.5,1585.0,"14574 110th Avenue N, Dayton, MN",Brighton in Sundance Greens,https://www.lennar.comclass=
Move-in ready,"$593,925",4.0,2.5,2692.0,"1911 Balsam Drive, Carver, MN",Lewis in Timber Creek,https://www.lennar.comclass=
Move-in ready,"$385,990",3.0,2.5,1831.0,"451 Murray Hill Way, Waconia, MN",Taylor in Waterford,https://www.lennar.comclass=
Move-in ready,"$459,990",4.0,2.5,2469.0,"15268 Nutria Street NW, Ramsey, MN",Sinclair in Northfork Meadows,https://www.lennar.comclass=
Move-in ready,"$561,650",4.0,2.5,2480.0,"247 4th Street NW, Delano, MN",Sinclair in Highland Ridge,https://www.lennar.comclass=
Move-in ready,"$449,990",4.0,2.0,2280.0,"12419 Amber Drive, Rogers, MN",Courtland II in Skye Meadows,https://www.lennar.comclass=
Move-in ready,"$658,865",4.0,4.0,2786.0,"11115 Ithaca Ln N, Dayton, MN",McKinley in Sundance Greens,https://www.lennar.comclass=
Move-in ready,"$419,505",3.0,2.5,1831.0,"457 Murray Hill Way, Waconia, MN",Taylor in Waterford,https://www.lennar.comclass=
Move-in ready,"$689,990",4.0,4.0,3328.0,"8458 60th Street S, Cottage Grove, MN",Washburn in Calarosa,https://www.lennar.comclass=
Move-in ready,"$436,480",3.0,2.5,1774.0,"3528 109th Lane NE, Blaine, MN",St. Croix in North Meadows,https://www.lennar.comclass=
Move-in ready,"$613,700",4.0,3.0,2148.0,"19957 64th Avenue, Corcoran, MN",Columbus in Tavera,https://www.lennar.comclass=
Move-in ready,"$520,580",4.0,2.5,2439.0,"520 Waterford Place, Waconia, MN",Springfield in Waterford,https://www.lennar.comclass=
Move-in ready,"$339,240",3.0,2.5,1804.0,"23284 Amber Drive, Rogers, MN",Madison in Skye Meadows,https://www.lennar.comclass=
Move-in ready,"$498,990",3.0,2.5,1734.0,"10937 Harbor Lane N, Dayton, MN",Salerno in Sundance Greens,https://www.lennar.comclass=
Move-in ready,"$591,540",4.0,2.5,2692.0,"1913 Balsam Drive, Carver, MN",Lewis in Timber Creek,https://www.lennar.comclass=
Move-in ready,"$349,990",3.0,2.5,1906.0,"23298 Amber Drive, Rogers, MN",Jefferson in Skye Meadows,https://www.lennar.comclass=
Under construction,"$311,990",3.0,2.5,1791.0,"8016 149th Terrace NW, Ramsey, MN",Franklin in Lynwood,https://www.lennar.comclass=
Under construction,"$758,360",4.0,3.0,2692.0,"7112 Pearl Drive, Chanhassen, MN",Lewis in The Park,https://www.lennar.comclass=
Under construction,"$449,990",3.0,2.5,1804.0,"1051 Jubert Drive, Medina, MN",Madison in Meadow View,https://www.lennar.comclass=
Under construction,"$624,770",5.0,4.0,3126.0,"2924 Ironwood Blvd., Chaska, MN",Vanderbilt in Reserve at Autumn Woods,https://www.lennar.comclass=
Under construction,"$750,800",4.0,3.0,2692.0,"2190 Paisley Path, Chanhassen, MN",Lewis in The Park,https://www.lennar.comclass=
Under construction,"$454,990",4.0,2.5,2469.0,"9676 51st Street NE, Saint Michael, MN",Sinclair in Fieldstone Passage,https://www.lennar.comclass=
Under construction,"$619,990",4.0,2.5,2439.0,"4757 Martingale Drive, Woodbury, MN",Springfield in Bridlewood Farms,https://www.lennar.comclass=
Under construction,"$366,290",3.0,3.0,1804.0,"2163 Bay Drive, Lino Lakes, MN",Madison in Watermark,https://www.lennar.comclass=
Under construction,"$512,720",4.0,2.5,2271.0,"3532 110th Lane NE, Blaine, MN",Vanderbilt in North Meadows,https://www.lennar.comclass=
Under construction,"$440,700",4.0,3.0,2328.0,"9544 52nd Lane NE, Saint Michael, MN",Courtland II in Fieldstone Passage,https://www.lennar.comclass=
Under construction,"$529,935",4.0,2.5,2271.0,"521 Heartland Drive, Delano, MN",Vanderbilt in Highland Ridge,https://www.lennar.comclass=
Under construction,"$561,260",4.0,2.5,2271.0,"2724 Downing Ave., Shakopee, MN",Vanderbilt in Summerland Place,https://www.lennar.comclass=
Under construction,"$566,005",3.0,3.0,1719.0,"18637 Hamel Drive, Lakeville, MN",Donovan in Avonlea,https://www.lennar.comclass=
Under construction,"$418,610",3.0,2.0,2111.0,"8031 Langley Ave NE, Otsego, MN",Roosevelt II in Hunter Hills,https://www.lennar.comclass=
Under construction,"$509,990",4.0,2.5,2185.0,"1916 Arbor Lane, Carver, MN",Bristol in Timber Creek,https://www.lennar.comclass=
Under construction,"$316,990",3.0,2.5,1804.0,"8025 150th Place NW, Ramsey, MN",Madison in Lynwood,https://www.lennar.comclass=
Under construction,"$361,990",3.0,3.0,1906.0,"2167 Bay Drive, Lino Lakes, MN",Jefferson in Watermark,https://www.lennar.comclass=
Under construction,"$462,285",3.0,2.5,1719.0,"13751 141st Avenue N, Dayton, MN",Donovan in Edgewater,https://www.lennar.comclass=
Under construction,"$600,770",2.0,2.0,1725.0,"20125 114th Avenue, Rogers, MN",Brisbane in Laurel Creek,https://www.lennar.comclass=
Under construction,"$722,290",4.0,3.0,2682.0,"6226 Tamarack Ln, Corcoran, MN",Taylor in Tavera,https://www.lennar.comclass=
Under construction,"$351,535",3.0,2.5,1782.0,"10590 Weston Way N, Maple Grove, MN",Revere in Weston Commons,https://www.lennar.comclass=
Under construction,"$519,990",4.0,2.5,2185.0,"13644 142nd Avenue N, Dayton, MN",Bristol in Edgewater,https://www.lennar.comclass=
Under construction,"$437,245",4.0,3.0,2328.0,"9511 52nd Lane NE, Saint Michael, MN",Courtland II in Fieldstone Passage,https://www.lennar.comclass=
Under construction,"$802,795",4.0,3.5,3436.0,"7368 Auburn Lane, Inver Grove Heights, MN",Snelling in Highlands at Settlers Ridge,https://www.lennar.comclass=
Under construction,"$574,990",4.0,3.0,2439.0,"18548 Hamel Drive, Lakeville, MN",Springfield in Avonlea,https://www.lennar.comclass=
Under construction,"$382,710",3.0,2.5,1777.0,"10676 Wiles Way, Woodbury, MN",St.Clair in East Pointe,https://www.lennar.comclass=
Under construction,"$379,110",3.0,2.5,1777.0,"1644 144th St. East, Rosemount, MN",St.Clair in Talamore,https://www.lennar.comclass=
Under construction,"$346,860",3.0,2.5,1791.0,"21849 Wisteria Way, Farmington, MN",Franklin in Vermillion Commons,https://www.lennar.comclass=
Under construction,"$544,990",4.0,3.0,2443.0,"2126 Watermark Way, Lino Lakes, MN",Alexander in Watermark,https://www.lennar.comclass=
Under construction,"$326,040",3.0,2.5,1804.0,"8021 150th Place NW, Ramsey, MN",Madison in Lynwood,https://www.lennar.comclass=
Under construction,"$529,580",3.0,2.5,1991.0,"7345 183rd St W, Lakeville, MN",Glade in Voyageur Farms,https://www.lennar.comclass=
Under construction,"$474,990",3.0,2.5,1734.0,"7631 40th Street N., Oakdale, MN",Salerno in Willowbrooke,https://www.lennar.comclass=
Under construction,"$631,110",4.0,3.0,2706.0,"2936 Ironwood Blvd., Chaska, MN",Lewis in Reserve at Autumn Woods,https://www.lennar.comclass=
Under construction,"$424,990",3.0,2.0,1582.0,"12416 Amber Drive, Rogers, MN",Courtland in Skye Meadows,https://www.lennar.comclass=
Under construction,"$405,580",3.0,2.5,1719.0,"1955 Tyrone Drive, Shakopee, MN",Raleigh in Summerland Place,https://www.lennar.comclass=
Under construction,"$562,380",4.0,2.5,2148.0,"1910 Balsam Drive, Carver, MN",Columbus in Timber Creek,https://www.lennar.comclass=
Under construction,"$482,360",4.0,2.5,2148.0,"612 Sierra Parkway, Waconia, MN",Columbus in Waterford,https://www.lennar.comclass=
Under construction,"$507,050",4.0,3.0,2271.0,"7437 Forest Lane, Lino Lakes, MN",Vanderbilt in Watermark,https://www.lennar.comclass=
Under construction,"$385,210",3.0,2.5,1777.0,"10678 Wiles Way, Woodbury, MN",St.Clair in East Pointe,https://www.lennar.comclass=
Under construction,"$607,740",4.0,3.0,2185.0,"8116 186th Street W, Lakeville, MN",Bristol in Avonlea,https://www.lennar.comclass=
Under construction,"$345,240",3.0,2.5,1906.0,"8013 150th Place NW, Ramsey, MN",Jefferson in Lynwood,https://www.lennar.comclass=
Under construction,"$506,990",3.0,2.5,1976.0,"7337 183rd St W, Lakeville, MN",Carlton in Voyageur Farms,https://www.lennar.comclass=
Under construction,"$475,398",3.0,2.0,2111.0,"7482 Upper 38th Street N, Oakdale, MN",Roosevelt II in Willowbrooke,https://www.lennar.comclass=
Under construction,"$393,990",3.0,2.5,1719.0,"1935 Prospect Lane, Carver, MN",Raleigh in Timber Creek,https://www.lennar.comclass=
Under construction,"$494,990",4.0,2.5,2352.0,"20450 Gateway Drive, Lakeville, MN",Marquette in Cedar Hills,https://www.lennar.comclass=
Under construction,"$363,890",3.0,2.5,1769.0,"10578 Weston Way N, Maple Grove, MN",Revere in Weston Commons,https://www.lennar.comclass=
Under construction,"$538,830",4.0,2.5,2439.0,"1918 Arbor Lane, Carver, MN",Springfield in Timber Creek,https://www.lennar.comclass=
Under construction,"$319,990",3.0,2.5,1782.0,"21865 Wisteria Way, Farmington, MN",Revere in Vermillion Commons,https://www.lennar.comclass=
Under construction,"$388,490",3.0,3.0,1906.0,"2147 Bay Drive, Lino Lakes, MN",Jefferson in Watermark,https://www.lennar.comclass=
Under construction,"$532,475",3.0,2.5,1862.0,"20198 Gambrel Path, Lakeville, MN",Buckingham in Cedar Hills,https://www.lennar.comclass=
Under construction,"$297,990",3.0,2.5,1769.0,"8028 149th Terrace NW, Ramsey, MN",Revere in Lynwood,https://www.lennar.comclass=
Under construction,"$591,180",4.0,2.5,2692.0,"6030 Inspire Avenue S, Cottage Grove, MN",Lewis in Calarosa,https://www.lennar.comclass=
Under construction,"$676,610",4.0,3.5,2786.0,"18097 Hinckley Ave, Lakeville, MN",McKinley in Caslano,https://www.lennar.comclass=
Under construction,"$512,685",4.0,2.5,2511.0,"20460 Gateway Drive, Lakeville, MN",Berkley in Cedar Hills,https://www.lennar.comclass=
Under construction,"$474,990",3.0,2.5,1991.0,"9139 Granada Ave S, Cottage Grove, MN",Glade in Summers Landing West,https://www.lennar.comclass=
Under construction,"$495,135",3.0,2.5,1719.0,"20028 62nd Pl, Corcoran, MN",Richmond in Tavera,https://www.lennar.comclass=
Under construction,"$389,590",3.0,2.5,1800.0,"10594 Weston Way N, Maple Grove, MN",Franklin in Weston Commons,https://www.lennar.comclass=
Under construction,"$494,520",5.0,3.0,2505.0,"10664 Burnt Rock Road, Woodbury, MN",Sequoia in East Pointe,https://www.lennar.comclass=
Under construction,"$421,630",3.0,2.5,1946.0,"8062 Langley Ave NE, Otsego, MN",Glacier in Hunter Hills,https://www.lennar.comclass=
Under construction,"$332,940",3.0,2.5,1791.0,"8032 149th Terrace NW, Ramsey, MN",Franklin in Lynwood,https://www.lennar.comclass=
Under construction,"$460,490",3.0,2.5,1804.0,"1053 Jubert Drive, Medina, MN",Madison in Meadow View,https://www.lennar.comclass=
Under construction,"$498,340",3.0,3.0,1719.0,"9134 Granada Ave S, Cottage Grove, MN",Donovan in Summers Landing West,https://www.lennar.comclass=
Under construction,"$374,990",3.0,2.5,1719.0,"1668 144th St. East, Rosemount, MN",Raleigh in Talamore,https://www.lennar.comclass=
Under construction,"$470,970",3.0,2.5,1842.0,"20032 62nd Pl, Corcoran, MN",Taylor in Tavera,https://www.lennar.comclass=
Under construction,"$342,160",3.0,2.5,1800.0,"21873 Wisteria Way, Farmington, MN",Franklin in Vermillion Commons,https://www.lennar.comclass=
Under construction,"$375,190",3.0,2.5,1777.0,"450 Murray Hill Way, Waconia, MN",St.Clair in Waterford,https://www.lennar.comclass=
Under construction,"$504,990",4.0,3.0,2443.0,"2080 Watermark Way, Lino Lakes, MN",Alexander in Watermark,https://www.lennar.comclass=
Under construction,"$380,990",3.0,2.5,1719.0,"10631 Weston Way N, Maple Grove, MN",Raleigh in Weston Commons,https://www.lennar.comclass=
Under construction,"$395,590",3.0,2.5,1719.0,"10627 Weston Way N, Maple Grove, MN",Raleigh in Weston Commons,https://www.lennar.comclass=
Under construction,"$698,305",4.0,4.0,3328.0,"5003 RAMIER AVE NE, Otsego, MN",Washburn in River Pointe,https://www.lennar.comclass=
Under construction,"$392,810",3.0,2.5,1842.0,"22927 Hazel Lane, Rogers, MN",Taylor in Skye Meadows,https://www.lennar.comclass=
Under construction,"$599,990",4.0,2.5,2706.0,"1645 Upper 143rd St. E., Rosemount, MN",Lewis in Talamore,https://www.lennar.comclass=
Under construction,"$359,390",3.0,2.5,1719.0,"452 Murray Hill Way, Waconia, MN",Raleigh in Waterford,https://www.lennar.comclass=
Under construction,"$382,490",3.0,2.5,1719.0,"1931 Prospect Lane, Carver, MN",Raleigh in Timber Creek,https://www.lennar.comclass=
Under construction,"$368,990",3.0,2.5,1777.0,"10623 Weston Way N, Maple Grove, MN",St.Clair in Weston Commons,https://www.lennar.comclass=
Under construction,"$360,910",3.0,2.5,1800.0,"14831 Ardee Place, Rosemount, MN",Franklin in Amber Fields,https://www.lennar.comclass=
Under construction,"$454,990",4.0,2.5,2049.0,"10678 Burnt Rock Road, Woodbury, MN",Cascade in East Pointe,https://www.lennar.comclass=
Under construction,"$458,690",3.0,2.5,1804.0,"1055 Jubert Drive, Medina, MN",Madison in Meadow View,https://www.lennar.comclass=
Under construction,"$468,970",3.0,2.5,1774.0,"20036 62nd Pl, Corcoran, MN",St. Croix in Tavera,https://www.lennar.comclass=
Under construction,"$388,245",3.0,2.5,1719.0,"22911 Hazel Lane, Rogers, MN",Richmond in Skye Meadows,https://www.lennar.comclass=
Under construction,"$694,990",4.0,4.0,3302.0,"789 Spancil Hill Ridge, Woodbury, MN",Washburn in Spancil Hill,https://www.lennar.comclass=
Under construction,"$621,260",4.0,2.5,2692.0,"18128 Hinckley Ave, Lakeville, MN",Lewis in Caslano,https://www.lennar.comclass=
Under construction,"$654,550",5.0,3.0,3078.0,"6027 Inspire Avenue S, Cottage Grove, MN",Itasca in Calarosa,https://www.lennar.comclass=
Under construction,"$441,440",4.0,3.0,1830.0,"14309 Allerton Way, Rosemount, MN",Biscayne in Talamore,https://www.lennar.comclass=
Under construction,"$493,935",3.0,2.5,1719.0,"20040 62nd Pl, Corcoran, MN",Richmond in Tavera,https://www.lennar.comclass=
Under construction,"$597,260",4.0,2.5,2487.0,"12680 Ardmore Avenue, Rosemount, MN",Sinclair in Meadow Ridge,https://www.lennar.comclass=
Under construction,"$459,480",4.0,2.5,2271.0,"15254 Nutria Street NW, Ramsey, MN",Vanderbilt in Northfork Meadows,https://www.lennar.comclass=
Under construction,"$373,760",3.0,2.5,1906.0,"21941 Primrose Path, Farmington, MN",Jefferson in Vermillion Commons,https://www.lennar.comclass=
Under construction,"$312,140",3.0,2.5,1782.0,"8021 149th Terrace NW, Ramsey, MN",Revere in Lynwood,https://www.lennar.comclass=
Under construction,"$342,990",3.0,2.5,1804.0,"21931 Primrose Path, Farmington, MN",Madison in Vermillion Commons,https://www.lennar.comclass=
Under construction,"$481,605",3.0,2.0,2111.0,"14312 Allerton Way, Rosemount, MN",Roosevelt II in Talamore,https://www.lennar.comclass=
Under construction,"$515,995",3.0,2.5,1831.0,"20044 62nd Pl, Corcoran, MN",Taylor in Tavera,https://www.lennar.comclass=
Under construction,"$609,585",4.0,2.5,2439.0,"4745 Martingale Drive, Woodbury, MN",Springfield in Bridlewood Farms,https://www.lennar.comclass=
Under construction,"$369,040",3.0,2.5,1906.0,"23343 124th Avenue, Rogers, MN",Jefferson in Skye Meadows,https://www.lennar.comclass=
Under construction,"$619,990",4.0,2.5,2706.0,"791 Spancil Hill Ridge, Woodbury, MN",Lewis in Spancil Hill,https://www.lennar.comclass=
Under construction,"$469,345",4.0,2.0,1821.0,"9142 Granada Ave S, Cottage Grove, MN",Alden II in Summers Landing West,https://www.lennar.comclass=
Under construction,"$355,560",3.0,2.5,1804.0,"21921 Primrose Path, Farmington, MN",Madison in Vermillion Commons,https://www.lennar.comclass=
Under construction,"$488,890",4.0,3.0,2049.0,"7368 183rd St W, Lakeville, MN",Cascade in Voyageur Farms,https://www.lennar.comclass=
Under construction,"$812,945",4.0,3.0,2697.0,"6249 Tamarack Lane, Corcoran, MN",Taylor in Tavera,https://www.lennar.comclass=
Under construction,"$596,890",4.0,2.5,2692.0,"20440 Gargoyle Lane, Lakeville, MN",Lewis in Cedar Hills,https://www.lennar.comclass=
Under construction,"$714,320",4.0,4.0,3328.0,"11125 Ithaca Ln N, Dayton, MN",Washburn in Sundance Greens,https://www.lennar.comclass=
Under construction,"$662,495",4.0,3.5,2786.0,"20481 Gargoyle Lane, Lakeville, MN",McKinley in Cedar Hills,https://www.lennar.comclass=
Under construction,"$539,990",4.0,2.5,2271.0,"10669 Blackmoor Road, Woodbury, MN",Vanderbilt in East Pointe,https://www.lennar.comclass=
Under construction,"$440,820",4.0,2.5,2550.0,"11374 81st Street NE, Otsego, MN",Magellan in Hunter Hills,https://www.lennar.comclass=
Under construction,"$651,265",4.0,3.5,2786.0,"12670 Arklow Avenue, Rosemount, MN",McKinley in Meadow Ridge,https://www.lennar.comclass=
Under construction,"$483,719",3.0,2.5,1976.0,"10692 Burnt Rock Road, Woodbury, MN",Carlsbad in East Pointe,https://www.lennar.comclass=
Under construction,"$376,990",3.0,2.5,1719.0,"10699 Wiles Way, Woodbury, MN",Raleigh in East Pointe,https://www.lennar.comclass=
Under construction,"$397,990",3.0,3.0,2007.0,"7511 38th Street N., Oakdale, MN",Fremont in Willowbrooke,https://www.lennar.comclass=
Under construction,"$384,510",3.0,2.5,1777.0,"10697 Wiles Way, Woodbury, MN",St.Clair in East Pointe,https://www.lennar.comclass=
Under construction,"$430,380",3.0,2.5,1774.0,"3533 109th Lane NE, Blaine, MN",St. Croix in North Meadows,https://www.lennar.comclass=
Under construction,"$399,190",3.0,2.5,1777.0,"16110 106th Place N, Maple Grove, MN",St.Clair in Weston Commons,https://www.lennar.comclass=
Under construction,"$316,990",3.0,2.5,1804.0,"15584 87th Lane NE, Otsego, MN",Madison in Parrish Meadows,https://www.lennar.comclass=
Under construction,"$689,150",5.0,3.0,3078.0,"761 Spancil Hill Ridge, Woodbury, MN",Itasca in Spancil Hill,https://www.lennar.comclass=
Under construction,"$522,835",3.0,2.5,1862.0,"6210 Inspire Ave S, Cottage Grove, MN",Buckingham in Calarosa,https://www.lennar.comclass=
Under construction,"$528,825",3.0,2.0,1734.0,"6168 Inspire Ave S, Cottage Grove, MN",Salerno in Calarosa,https://www.lennar.comclass=
Under construction,"$341,910",3.0,2.5,1800.0,"21901 Wisteria Way, Farmington, MN",Franklin in Vermillion Commons,https://www.lennar.comclass=
Under construction,"$621,365",4.0,2.5,2439.0,"20411 Gargoyle Lane, Lakeville, MN",Springfield in Cedar Hills,https://www.lennar.comclass=
Under construction,"$343,740",3.0,2.5,1804.0,"15588 87th Lane NE, Otsego, MN",Madison in Parrish Meadows,https://www.lennar.comclass=
Under construction,"$547,105",4.0,2.5,2692.0,"17748 54th Street NE, Otsego, MN",Lewis in River Pointe,https://www.lennar.comclass=
Under construction,"$485,255",4.0,2.5,2271.0,"524 Waterford Place, Waconia, MN",Vanderbilt in Waterford,https://www.lennar.comclass=
Under construction,"$340,990",3.0,2.5,1906.0,"15592 87th Lane NE, Otsego, MN",Jefferson in Parrish Meadows,https://www.lennar.comclass=
Under construction,"$668,215",4.0,2.5,2692.0,"5080 Kerber Court, Victoria, MN",Lewis in Brookmoore,https://www.lennar.comclass=
Under construction,"$662,870",5.0,3.0,3078.0,"18112 Hinckley Ave, Lakeville, MN",Itasca in Caslano,https://www.lennar.comclass=
Under construction,"$701,435",5.0,3.0,3078.0,"10630 Blackmoor Road, Woodbury, MN",Itasca in East Pointe,https://www.lennar.comclass=
Under construction,"$627,780",4.0,3.5,2786.0,"1597 Upper 143rd St. E., Rosemount, MN",McKinley in Talamore,https://www.lennar.comclass=
Under construction,"$385,510",3.0,2.5,1777.0,"1671 144th St. East, Rosemount, MN",St.Clair in Talamore,https://www.lennar.comclass=
Under construction,"$654,865",4.0,2.5,2439.0,"759 Spancil Hill Ridge, Woodbury, MN",Springfield in Spancil Hill,https://www.lennar.comclass=
Under construction,"$517,780",5.0,3.0,2505.0,"5076 Useppa Trail, Woodbury, MN",Sequoia in East Pointe,https://www.lennar.comclass=
Under construction,"$1,651,550",4.0,4.5,3974.0,"1431 Palmer Drive N, Lake Elmo, MN",Salisbury in Royal Club,https://www.lennar.comclass=
Under construction,"$690,190",4.0,2.5,2692.0,"10638 Blackmoor Road, Woodbury, MN",Lewis in East Pointe,https://www.lennar.comclass=
Under construction,"$363,440",3.0,2.5,1906.0,"15568 87th Lane NE, Otsego, MN",Jefferson in Parrish Meadows,https://www.lennar.comclass=
Under construction,"$712,310",5.0,3.0,3078.0,"1660 Upper 143rd St. E., Rosemount, MN",Itasca in Talamore,https://www.lennar.comclass=
Coming soon,High $500K,4.0,2.5,2271.0,"5095 Kerber Court, Victoria, MN",Vanderbilt in Brookmoore,https://www.lennar.comclass=
Coming soon,High $500K,4.0,2.5,2439.0,"578 Heartland Drive, Delano, MN",Springfield in Highland Ridge,https://www.lennar.comclass=
Coming soon,Mid $400K,4.0,2.5,2511.0,"11541 82nd Street NE, Otsego, MN",Berkley in Hunter Hills,https://www.lennar.comclass=
Coming soon,Low $400K,3.0,2.5,1976.0,"8003 Langley Ave NE, Otsego, MN",Carlsbad in Hunter Hills,https://www.lennar.comclass=
Coming soon,Low $400K,3.0,2.5,1981.0,"8104 Langley Ave NE, Otsego, MN",Carlsbad in Hunter Hills,https://www.lennar.comclass=
Coming soon,Mid $400K,4.0,3.0,2049.0,"8120 Langley Ave NE, Otsego, MN",Cascade in Hunter Hills,https://www.lennar.comclass=
Coming soon,Low $400K,4.0,3.0,2049.0,"11544 82nd Street NE, Otsego, MN",Cascade in Hunter Hills,https://www.lennar.comclass=
Coming soon,Mid $400K,4.0,2.5,2352.0,"8090 Langley Ave NE, Otsego, MN",Marquette in Hunter Hills,https://www.lennar.comclass=
Coming soon,Mid $400K,4.0,2.5,2344.0,"8134 Langley Ave NE, Otsego, MN",Marquette in Hunter Hills,https://www.lennar.comclass=
Coming soon,Mid $400K,4.0,3.0,2505.0,"8148 Langley Ave NE, Otsego, MN",Sequoia in Hunter Hills,https://www.lennar.comclass=
Coming soon,High $400K,4.0,2.5,2185.0,"8900 Foust Lane, Rockford, MN",Bristol in Parkwood,https://www.lennar.comclass=
Coming soon,High $400K,4.0,2.5,2148.0,"8902 Foust Lane, Rockford, MN",Columbus in Parkwood,https://www.lennar.comclass=
Coming soon,Low $900K,2.0,2.5,3520.0,"1525 Palmer Drive N, Lake Elmo, MN",Monaco in Royal Club,https://www.lennar.comclass=
Coming soon,Low $1.4M,4.0,3.5,3737.0,"1451 Palmer Drive N, Lake Elmo, MN",Cypress in Royal Club,https://www.lennar.comclass=
Coming soon,Low $1.3M,3.0,2.5,2983.0,"1461 Palmer Drive N, Lake Elmo, MN",Riviera in Royal Club,https://www.lennar.comclass=
Coming soon,Mid $600K,2.0,2.5,1968.0,"11417 Kings Court N, Lake Elmo, MN",Birmingham in Royal Club,https://www.lennar.comclass=
Coming soon,Mid $700K,1.0,1.5,1962.0,"11415 Kings Court N, Lake Elmo, MN",Madrid in Royal Club,https://www.lennar.comclass=
Coming soon,High $500K,2.0,2.5,1783.0,"11410 Kings Court N, Lake Elmo, MN",Salem in Royal Club,https://www.lennar.comclass=
Coming soon,High $500K,4.0,2.5,2271.0,"2708 Downing Ave., Shakopee, MN",Vanderbilt in Summerland Place,https://www.lennar.comclass=
Coming soon,Low $800K,4.0,4.0,3328.0,"6265 Tamarack Lane, Corcoran, MN",Washburn in Tavera,https://www.lennar.comclass=
Coming soon,Low $500K,4.0,2.5,2148.0,"521 Waterford Place, Waconia, MN",Columbus in Waterford,https://www.lennar.comclass=
Coming soon,Mid $600K,4.0,3.0,2697.0,"2097 Watermark Way, Lino Lakes, MN",Taylor in Watermark,https://www.lennar.comclass=
Future release,,,,,,,https://www.lennar.com/new-homes/minnesota/minneapolis-st-paul/lakeville/avonlea/the-grove-at-avonlea/alden-ii
Future release,,,,,,,https://www.lennar.com/new-homes/minnesota/minneapolis-st-paul/lakeville/avonlea/the-grove-at-avonlea/carlisle
Future release,,,,,,,https://www.lennar.com/new-homes/minnesota/minneapolis-st-paul/lakeville/avonlea/the-grove-at-avonlea/clearwater
Future release,,,,,,,https://www.lennar.com/new-homes/minnesota/minneapolis-st-paul/lakeville/avonlea/the-grove-at-avonlea/courtland
Future release,,,,,,,https://www.lennar.com/new-homes/minnesota/minneapolis-st-paul/lakeville/avonlea/the-grove-at-avonlea/courtland-ii
Future release,,,,,,,https://www.lennar.com/new-homes/minnesota/minneapolis-st-paul/lakeville/avonlea/the-grove-at-avonlea/foster
Future release,,,,,,,https://www.lennar.com/new-homes/minnesota/minneapolis-st-paul/woodbury/bridlewood-farms/discovery-collection/bristol
Future release,,,,,,,https://www.lennar.com/new-homes/minnesota/minneapolis-st-paul/woodbury/bridlewood-farms/discovery-collection/columbus
Future release,,,,,,,https://www.lennar.com/new-homes/minnesota/minneapolis-st-paul/woodbury/bridlewood-farms/discovery-collection/lewis
Future release,,,,,,,https://www.lennar.com/new-homes/minnesota/minneapolis-st-paul/woodbury/bridlewood-farms/discovery-collection/vanderbilt
Future release,,,,,,,https://www.lennar.com/new-homes/minnesota/minneapolis-st-paul/woodbury/bridlewood-farms/landmark-collection/clearwater
Future release,,,,,,,https://www.lennar.com/new-homes/minnesota/minneapolis-st-paul/woodbury/bridlewood-farms/landmark-collection/independence
Future release,,,,,,,https://www.lennar.com/new-homes/minnesota/minneapolis-st-paul/woodbury/bridlewood-farms/landmark-collection/mckinley
Future release,,,,,,,https://www.lennar.com/new-homes/minnesota/minneapolis-st-paul/woodbury/bridlewood-farms/landmark-collection/sinclair
Future release,,,,,,,https://www.lennar.com/new-homes/minnesota/minneapolis-st-paul/woodbury/bridlewood-farms/landmark-collection/snelling
Future release,,,,,,,https://www.lennar.com/new-homes/minnesota/minneapolis-st-paul/woodbury/bridlewood-farms/landmark-collection/taylor
Future release,,,,,,,https://www.lennar.com/new-homes/minnesota/minneapolis-st-paul/woodbury/bridlewood-farms/landmark-collection/washburn
Future release,,,,,,,https://www.lennar.com/new-homes/minnesota/minneapolis-st-paul/victoria/brookmoore/bristol
Future release,,,,,,,https://www.lennar.com/new-homes/minnesota/minneapolis-st-paul/victoria/brookmoore/clearwater
Future release,,,,,,,https://www.lennar.com/new-homes/minnesota/minneapolis-st-paul/victoria/brookmoore/itasca
Future release,,,,,,,https://www.lennar.com/new-homes/minnesota/minneapolis-st-paul/victoria/brookmoore/mckinley
Future release,,,,,,,https://www.lennar.com/new-homes/minnesota/minneapolis-st-paul/victoria/brookmoore/springfield
Future release,,,,,,,https://www.lennar.com/new-homes/minnesota/minneapolis-st-paul/cottage-grove/calarosa/discovery-collection/clearwater
Future release,,,,,,,https://www.lennar.com/new-homes/minnesota/minneapolis-st-paul/cottage-grove/calarosa/discovery-collection/mckinley
Future release,,,,,,,https://www.lennar.com/new-homes/minnesota/minneapolis-st-paul/cottage-grove/calarosa/discovery-collection/sinclair
Future release,,,,,,,https://www.lennar.com/new-homes/minnesota/minneapolis-st-paul/cottage-grove/calarosa/discovery-collection/vanderbilt
Future release,,,,,,,https://www.lennar.com/new-homes/minnesota/minneapolis-st-paul/cottage-grove/calarosa/lifestyle-villa-collection/birmingham
Future release,,,,,,,https://www.lennar.com/new-homes/minnesota/minneapolis-st-paul/cottage-grove/calarosa/lifestyle-villa-collection/brighton
Future release,,,,,,,https://www.lennar.com/new-homes/minnesota/minneapolis-st-paul/cottage-grove/calarosa/lifestyle-villa-collection/cordoba
Future release,,,,,,,https://www.lennar.com/new-homes/minnesota/minneapolis-st-paul/cottage-grove/calarosa/lifestyle-villa-collection/corsica
Future release,,,,,,,https://www.lennar.com/new-homes/minnesota/minneapolis-st-paul/cottage-grove/calarosa/lifestyle-villa-collection/florence
Future release,,,,,,,https://www.lennar.com/new-homes/minnesota/minneapolis-st-paul/cottage-grove/calarosa/lifestyle-villa-collection/lisbon
Future release,,,,,,,https://www.lennar.com/new-homes/minnesota/minneapolis-st-paul/cottage-grove/calarosa/lifestyle-villa-collection/salem
Future release,,,,,,,https://www.lennar.com/new-homes/minnesota/minneapolis-st-paul/lakeville/caslano/clearwater
Future release,,,,,,,https://www.lennar.com/new-homes/minnesota/minneapolis-st-paul/lakeville/caslano/sinclair
Future release,,,,,,,https://www.lennar.com/new-homes/minnesota/minneapolis-st-paul/lakeville/caslano/washburn
Future release,,,,,,,https://www.lennar.com/new-homes/minnesota/minneapolis-st-paul/lakeville/cedar-hills/discovery-collection/clearwater
Future release,,,,,,,https://www.lennar.com/new-homes/minnesota/minneapolis-st-paul/lakeville/cedar-hills/discovery-collection/columbus
Future release,,,,,,,https://www.lennar.com/new-homes/minnesota/minneapolis-st-paul/lakeville/cedar-hills/discovery-collection/independence
Future release,,,,,,,https://www.lennar.com/new-homes/minnesota/minneapolis-st-paul/lakeville/cedar-hills/discovery-collection/vanderbilt
Future release,,,,,,,https://www.lennar.com/new-homes/minnesota/minneapolis-st-paul/lakeville/cedar-hills/lifestyle-villa-collection/brighton
Future release,,,,,,,https://www.lennar.com/new-homes/minnesota/minneapolis-st-paul/lakeville/cedar-hills/lifestyle-villa-collection/cordoba
Future release,,,,,,,https://www.lennar.com/new-homes/minnesota/minneapolis-st-paul/lakeville/cedar-hills/lifestyle-villa-collection/corsica
Future release,,,,,,,https://www.lennar.com/new-homes/minnesota/minneapolis-st-paul/lakeville/cedar-hills/lifestyle-villa-collection/lisbon
Future release,,,,,,,https://www.lennar.com/new-homes/minnesota/minneapolis-st-paul/lakeville/cedar-hills/lifestyle-villa-collection/salem
Future release,,,,,,,https://www.lennar.com/new-homes/minnesota/minneapolis-st-paul/lakeville/cedar-hills/lifestyle-villa-collection/salerno
Future release,,,,,,,https://www.lennar.com/new-homes/minnesota/minneapolis-st-paul/woodbury/east-pointe/landmark-collection/clearwater
Future release,,,,,,,https://www.lennar.com/new-homes/minnesota/minneapolis-st-paul/woodbury/east-pointe/landmark-collection/mckinley
Future release,,,,,,,https://www.lennar.com/new-homes/minnesota/minneapolis-st-paul/woodbury/east-pointe/landmark-collection/sinclair
Future release,,,,,,,https://www.lennar.com/new-homes/minnesota/minneapolis-st-paul/woodbury/east-pointe/landmark-collection/washburn
Future release,,,,,,,https://www.lennar.com/new-homes/minnesota/minneapolis-st-paul/woodbury/east-pointe/liberty-collection/richmond
Future release,,,,,,,https://www.lennar.com/new-homes/minnesota/minneapolis-st-paul/woodbury/east-pointe/liberty-collection/st-croix
Future release,,,,,,,https://www.lennar.com/new-homes/minnesota/minneapolis-st-paul/woodbury/east-pointe/liberty-collection/taylor
Future release,,,,,,,https://www.lennar.com/new-homes/minnesota/minneapolis-st-paul/woodbury/east-pointe/venture-collection/biscayne
Future release,,,,,,,https://www.lennar.com/new-homes/minnesota/minneapolis-st-paul/woodbury/east-pointe/venture-collection/glacier
Future release,,,,,,,https://www.lennar.com/new-homes/minnesota/minneapolis-st-paul/dayton/edgewater/discovery-collection/clearwater
Future release,,,,,,,https://www.lennar.com/new-homes/minnesota/minneapolis-st-paul/dayton/edgewater/discovery-collection/lewis
Future release,,,,,,,https://www.lennar.com/new-homes/minnesota/minneapolis-st-paul/dayton/edgewater/discovery-collection/mckinley
Future release,,,,,,,https://www.lennar.com/new-homes/minnesota/minneapolis-st-paul/dayton/edgewater/discovery-collection/springfield
Future release,,,,,,,https://www.lennar.com/new-homes/minnesota/minneapolis-st-paul/dayton/edgewater/discovery-collection/vanderbilt
Future release,,,,,,,https://www.lennar.com/new-homes/minnesota/minneapolis-st-paul/dayton/edgewater/heritage-collection/alden-ii
Future release,,,,,,,https://www.lennar.com/new-homes/minnesota/minneapolis-st-paul/dayton/edgewater/heritage-collection/foster
Future release,,,,,,,https://www.lennar.com/new-homes/minnesota/minneapolis-st-paul/inver-grove-heights/enclave-at-settlers-ridge/clearwater
Future release,,,,,,,https://www.lennar.com/new-homes/minnesota/minneapolis-st-paul/inver-grove-heights/enclave-at-settlers-ridge/independence
Future release,,,,,,,https://www.lennar.com/new-homes/minnesota/minneapolis-st-paul/inver-grove-heights/enclave-at-settlers-ridge/lewis
Future release,,,,,,,https://www.lennar.com/new-homes/minnesota/minneapolis-st-paul/inver-grove-heights/enclave-at-settlers-ridge/mckinley
Future release,,,,,,,https://www.lennar.com/new-homes/minnesota/minneapolis-st-paul/inver-grove-heights/enclave-at-settlers-ridge/snelling
Future release,,,,,,,https://www.lennar.com/new-homes/minnesota/minneapolis-st-paul/inver-grove-heights/enclave-at-settlers-ridge/springfield
Future release,,,,,,,https://www.lennar.com/new-homes/minnesota/minneapolis-st-paul/inver-grove-heights/enclave-at-settlers-ridge/summit
Future release,,,,,,,https://www.lennar.com/new-homes/minnesota/minneapolis-st-paul/inver-grove-heights/enclave-at-settlers-ridge/washburn
Future release,,,,,,,https://www.lennar.com/new-homes/minnesota/minneapolis-st-paul/andover/fields-of-winslow-cove/discovery-collection/clearwater
Future release,,,,,,,https://www.lennar.com/new-homes/minnesota/minneapolis-st-paul/andover/fields-of-winslow-cove/discovery-collection/lewis
Future release,,,,,,,https://www.lennar.com/new-homes/minnesota/minneapolis-st-paul/andover/fields-of-winslow-cove/discovery-collection/mckinley
Future release,,,,,,,https://www.lennar.com/new-homes/minnesota/minneapolis-st-paul/andover/fields-of-winslow-cove/discovery-collection/sinclair
Future release,,,,,,,https://www.lennar.com/new-homes/minnesota/minneapolis-st-paul/andover/fields-of-winslow-cove/discovery-collection/washburn
Future release,,,,,,,https://www.lennar.com/new-homes/minnesota/minneapolis-st-paul/saint-michael/fieldstone-passage/discovery-collection/bristol
Future release,,,,,,,https://www.lennar.com/new-homes/minnesota/minneapolis-st-paul/saint-michael/fieldstone-passage/discovery-collection/clearwater
Future release,,,,,,,https://www.lennar.com/new-homes/minnesota/minneapolis-st-paul/saint-michael/fieldstone-passage/discovery-collection/columbus
Future release,,,,,,,https://www.lennar.com/new-homes/minnesota/minneapolis-st-paul/saint-michael/fieldstone-passage/discovery-collection/itasca
Future release,,,,,,,https://www.lennar.com/new-homes/minnesota/minneapolis-st-paul/saint-michael/fieldstone-passage/discovery-collection/lewis
Future release,,,,,,,https://www.lennar.com/new-homes/minnesota/minneapolis-st-paul/saint-michael/fieldstone-passage/discovery-collection/mckinley
Future release,,,,,,,https://www.lennar.com/new-homes/minnesota/minneapolis-st-paul/saint-michael/fieldstone-passage/discovery-collection/springfield
Future release,,,,,,,https://www.lennar.com/new-homes/minnesota/minneapolis-st-paul/saint-michael/fieldstone-passage/discovery-collection/washburn
Future release,,,,,,,https://www.lennar.com/new-homes/minnesota/minneapolis-st-paul/saint-michael/fieldstone-passage/heritage-collection/alden-ii
Future release,,,,,,,https://www.lennar.com/new-homes/minnesota/minneapolis-st-paul/saint-michael/fieldstone-passage/heritage-collection/courtland
Future release,,,,,,,https://www.lennar.com/new-homes/minnesota/minneapolis-st-paul/saint-michael/fieldstone-passage/heritage-collection/donovan
Future release,,,,,,,https://www.lennar.com/new-homes/minnesota/minneapolis-st-paul/saint-michael/fieldstone-passage/heritage-collection/foster
Future release,,,,,,,https://www.lennar.com/new-homes/minnesota/minneapolis-st-paul/inver-grove-heights/highlands-at-settlers-ridge/clearwater
Future release,,,,,,,https://www.lennar.com/new-homes/minnesota/minneapolis-st-paul/inver-grove-heights/highlands-at-settlers-ridge/itasca
Future release,,,,,,,https://www.lennar.com/new-homes/minnesota/minneapolis-st-paul/inver-grove-heights/highlands-at-settlers-ridge/mckinley
Future release,,,,,,,https://www.lennar.com/new-homes/minnesota/minneapolis-st-paul/inver-grove-heights/highlands-at-settlers-ridge/springfield
Future release,,,,,,,https://www.lennar.com/new-homes/minnesota/minneapolis-st-paul/inver-grove-heights/highlands-at-settlers-ridge/washburn
Future release,,,,,,,https://www.lennar.com/new-homes/minnesota/minneapolis-st-paul/otsego/hunter-hills/discovery-collection/bristol
Future release,,,,,,,https://www.lennar.com/new-homes/minnesota/minneapolis-st-paul/otsego/hunter-hills/discovery-collection/clearwater
Future release,,,,,,,https://www.lennar.com/new-homes/minnesota/minneapolis-st-paul/otsego/hunter-hills/discovery-collection/independence
Future release,,,,,,,https://www.lennar.com/new-homes/minnesota/minneapolis-st-paul/otsego/hunter-hills/discovery-collection/mckinley
Future release,,,,,,,https://www.lennar.com/new-homes/minnesota/minneapolis-st-paul/otsego/hunter-hills/discovery-collection/sinclair
Future release,,,,,,,https://www.lennar.com/new-homes/minnesota/minneapolis-st-paul/otsego/hunter-hills/discovery-collection/springfield
Future release,,,,,,,https://www.lennar.com/new-homes/minnesota/minneapolis-st-paul/otsego/hunter-hills/discovery-collection/vanderbilt
Future release,,,,,,,https://www.lennar.com/new-homes/minnesota/minneapolis-st-paul/otsego/hunter-hills/discovery-collection/washburn
Future release,,,,,,,https://www.lennar.com/new-homes/minnesota/minneapolis-st-paul/otsego/hunter-hills/venture-collection/biscayne
Future release,,,,,,,https://www.lennar.com/new-homes/minnesota/minneapolis-st-paul/victoria/laketown/colonial-patriot-collection/madison
Future release,,,,,,,https://www.lennar.com/new-homes/minnesota/minneapolis-st-paul/victoria/laketown/landmark-collection/bristol
Future release,,,,,,,https://www.lennar.com/new-homes/minnesota/minneapolis-st-paul/victoria/laketown/landmark-collection/clearwater
Future release,,,,,,,https://www.lennar.com/new-homes/minnesota/minneapolis-st-paul/victoria/laketown/landmark-collection/independence
Future release,,,,,,,https://www.lennar.com/new-homes/minnesota/minneapolis-st-paul/victoria/laketown/landmark-collection/mckinley
Future release,,,,,,,https://www.lennar.com/new-homes/minnesota/minneapolis-st-paul/victoria/laketown/landmark-collection/sinclair
Future release,,,,,,,https://www.lennar.com/new-homes/minnesota/minneapolis-st-paul/victoria/laketown/landmark-collection/snelling
Future release,,,,,,,https://www.lennar.com/new-homes/minnesota/minneapolis-st-paul/victoria/laketown/landmark-collection/springfield
Future release,,,,,,,https://www.lennar.com/new-homes/minnesota/minneapolis-st-paul/victoria/laketown/landmark-collection/taylor
Future release,,,,,,,https://www.lennar.com/new-homes/minnesota/minneapolis-st-paul/victoria/laketown/landmark-collection/washburn
Future release,,,,,,,https://www.lennar.com/new-homes/minnesota/minneapolis-st-paul/rogers/laurel-creek/lifestyle-villa-collection/birmingham
Future release,,,,,,,https://www.lennar.com/new-homes/minnesota/minneapolis-st-paul/rogers/laurel-creek/lifestyle-villa-collection/brighton
Future release,,,,,,,https://www.lennar.com/new-homes/minnesota/minneapolis-st-paul/rogers/laurel-creek/lifestyle-villa-collection/buckingham
Future release,,,,,,,https://www.lennar.com/new-homes/minnesota/minneapolis-st-paul/rogers/laurel-creek/lifestyle-villa-collection/cordoba
Future release,,,,,,,https://www.lennar.com/new-homes/minnesota/minneapolis-st-paul/rogers/laurel-creek/lifestyle-villa-collection/corsica
Future release,,,,,,,https://www.lennar.com/new-homes/minnesota/minneapolis-st-paul/rogers/laurel-creek/lifestyle-villa-collection/florentine
Future release,,,,,,,https://www.lennar.com/new-homes/minnesota/minneapolis-st-paul/rogers/laurel-creek/lifestyle-villa-collection/lima
Future release,,,,,,,https://www.lennar.com/new-homes/minnesota/minneapolis-st-paul/rogers/laurel-creek/lifestyle-villa-collection/lisbon
Future release,,,,,,,https://www.lennar.com/new-homes/minnesota/minneapolis-st-paul/rogers/laurel-creek/lifestyle-villa-collection/salerno
Future release,,,,,,,https://www.lennar.com/new-homes/minnesota/minneapolis-st-paul/blaine/lexington-cove/discovery-collection/bristol
Future release,,,,,,,https://www.lennar.com/new-homes/minnesota/minneapolis-st-paul/blaine/lexington-cove/discovery-collection/columbus
Future release,,,,,,,https://www.lennar.com/new-homes/minnesota/minneapolis-st-paul/blaine/lexington-cove/discovery-collection/lewis
Future release,,,,,,,https://www.lennar.com/new-homes/minnesota/minneapolis-st-paul/blaine/lexington-cove/discovery-collection/springfield
Future release,,,,,,,https://www.lennar.com/new-homes/minnesota/minneapolis-st-paul/blaine/lexington-cove/discovery-collection/vanderbilt
Future release,,,,,,,https://www.lennar.com/new-homes/minnesota/minneapolis-st-paul/blaine/lexington-cove/heritage-collection/courtland
Future release,,,,,,,https://www.lennar.com/new-homes/minnesota/minneapolis-st-paul/blaine/lexington-waters/clearwater
Future release,,,,,,,https://www.lennar.com/new-homes/minnesota/minneapolis-st-paul/blaine/lexington-waters/columbus
Future release,,,,,,,https://www.lennar.com/new-homes/minnesota/minneapolis-st-paul/blaine/lexington-waters/itasca
Future release,,,,,,,https://www.lennar.com/new-homes/minnesota/minneapolis-st-paul/blaine/lexington-waters/lewis
Future release,,,,,,,https://www.lennar.com/new-homes/minnesota/minneapolis-st-paul/blaine/lexington-waters/sinclair
Future release,,,,,,,https://www.lennar.com/new-homes/minnesota/minneapolis-st-paul/blaine/lexington-waters/springfield
Future release,,,,,,,https://www.lennar.com/new-homes/minnesota/minneapolis-st-paul/blaine/lexington-waters/vanderbilt
Future release,,,,,,,https://www.lennar.com/new-homes/minnesota/minneapolis-st-paul/medina/meadow-view/jefferson
Future release,,,,,,,https://www.lennar.com/new-homes/minnesota/minneapolis-st-paul/blaine/north-meadows/the-landing-colonial-manor-collection/franklin
Future release,,,,,,,https://www.lennar.com/new-homes/minnesota/minneapolis-st-paul/blaine/north-meadows/the-landing-colonial-manor-collection/revere
Future release,,,,,,,https://www.lennar.com/new-homes/minnesota/minneapolis-st-paul/blaine/north-meadows/the-reserve-collection/courtland
Future release,,,,,,,https://www.lennar.com/new-homes/minnesota/minneapolis-st-paul/blaine/north-meadows/the-reserve-collection/danbury
Future release,,,,,,,https://www.lennar.com/new-homes/minnesota/minneapolis-st-paul/blaine/north-meadows/the-reserve-collection/donovan
Future release,,,,,,,https://www.lennar.com/new-homes/minnesota/minneapolis-st-paul/blaine/north-meadows/the-reserve-collection/lewis
Future release,,,,,,,https://www.lennar.com/new-homes/minnesota/minneapolis-st-paul/blaine/north-meadows/the-reserve-collection/springfield
Future release,,,,,,,https://www.lennar.com/new-homes/minnesota/minneapolis-st-paul/ramsey/northfork-meadows/bristol
Future release,,,,,,,https://www.lennar.com/new-homes/minnesota/minneapolis-st-paul/ramsey/northfork-meadows/clearwater
Future release,,,,,,,https://www.lennar.com/new-homes/minnesota/minneapolis-st-paul/ramsey/northfork-meadows/lewis
Future release,,,,,,,https://www.lennar.com/new-homes/minnesota/minneapolis-st-paul/ramsey/northfork-meadows/mckinley
Future release,,,,,,,https://www.lennar.com/new-homes/minnesota/minneapolis-st-paul/ramsey/northfork-meadows/springfield
Future release,,,,,,,https://www.lennar.com/new-homes/minnesota/minneapolis-st-paul/ramsey/northfork-meadows/washburn
Future release,,,,,,,https://www.lennar.com/new-homes/minnesota/minneapolis-st-paul/rockford/parkwood/clearwater
Future release,,,,,,,https://www.lennar.com/new-homes/minnesota/minneapolis-st-paul/rockford/parkwood/lewis
Future release,,,,,,,https://www.lennar.com/new-homes/minnesota/minneapolis-st-paul/rockford/parkwood/springfield
Future release,,,,,,,https://www.lennar.com/new-homes/minnesota/minneapolis-st-paul/rockford/parkwood/vanderbilt
Future release,,,,,,,https://www.lennar.com/new-homes/minnesota/minneapolis-st-paul/little-canada/pioneer-commons/colonial-manor-collection/franklin
Future release,,,,,,,https://www.lennar.com/new-homes/minnesota/minneapolis-st-paul/little-canada/pioneer-commons/colonial-manor-collection/revere
Future release,,,,,,,https://www.lennar.com/new-homes/minnesota/minneapolis-st-paul/little-canada/pioneer-commons/liberty-collection/raleigh
Future release,,,,,,,https://www.lennar.com/new-homes/minnesota/minneapolis-st-paul/little-canada/pioneer-commons/liberty-collection/stclair
Future release,,,,,,,https://www.lennar.com/new-homes/minnesota/minneapolis-st-paul/corcoran/ravinia/landmark-collection/clearwater
Future release,,,,,,,https://www.lennar.com/new-homes/minnesota/minneapolis-st-paul/corcoran/ravinia/landmark-collection/lewis
Future release,,,,,,,https://www.lennar.com/new-homes/minnesota/minneapolis-st-paul/corcoran/ravinia/landmark-collection/sinclair
Future release,,,,,,,https://www.lennar.com/new-homes/minnesota/minneapolis-st-paul/corcoran/ravinia/landmark-collection/snelling
Future release,,,,,,,https://www.lennar.com/new-homes/minnesota/minneapolis-st-paul/corcoran/ravinia/landmark-collection/taylor
Future release,,,,,,,https://www.lennar.com/new-homes/minnesota/minneapolis-st-paul/corcoran/ravinia/landmark-collection/washburn
Future release,,,,,,,https://www.lennar.com/new-homes/minnesota/minneapolis-st-paul/chaska/reserve-at-autumn-woods/landmark-collection/clearwater
Future release,,,,,,,https://www.lennar.com/new-homes/minnesota/minneapolis-st-paul/chaska/reserve-at-autumn-woods/landmark-collection/itasca
Future release,,,,,,,https://www.lennar.com/new-homes/minnesota/minneapolis-st-paul/chaska/reserve-at-autumn-woods/landmark-collection/snelling
Future release,,,,,,,https://www.lennar.com/new-homes/minnesota/minneapolis-st-paul/chaska/reserve-at-autumn-woods/landmark-collection/summit
Future release,,,,,,,https://www.lennar.com/new-homes/minnesota/minneapolis-st-paul/otsego/river-pointe/the-highlands-of-river-pointe/clearwater
Future release,,,,,,,https://www.lennar.com/new-homes/minnesota/minneapolis-st-paul/otsego/river-pointe/the-highlands-of-river-pointe/independence
Future release,,,,,,,https://www.lennar.com/new-homes/minnesota/minneapolis-st-paul/otsego/river-pointe/the-highlands-of-river-pointe/lewis
Future release,,,,,,,https://www.lennar.com/new-homes/minnesota/minneapolis-st-paul/otsego/river-pointe/the-highlands-of-river-pointe/taylor
Future release,,,,,,,https://www.lennar.com/new-homes/minnesota/minneapolis-st-paul/otsego/river-pointe/the-meadows-of-river-pointe/bristol
Future release,,,,,,,https://www.lennar.com/new-homes/minnesota/minneapolis-st-paul/otsego/river-pointe/the-meadows-of-river-pointe/clearwater
Future release,,,,,,,https://www.lennar.com/new-homes/minnesota/minneapolis-st-paul/otsego/river-pointe/the-meadows-of-river-pointe/columbus
Future release,,,,,,,https://www.lennar.com/new-homes/minnesota/minneapolis-st-paul/otsego/river-pointe/the-meadows-of-river-pointe/springfield
Future release,,,,,,,https://www.lennar.com/new-homes/minnesota/minneapolis-st-paul/otsego/river-pointe/the-meadows-of-river-pointe/vanderbilt
Future release,,,,,,,https://www.lennar.com/new-homes/minnesota/minneapolis-st-paul/lake-elmo/royal-club/the-fairway-enclave-villa-collection/madrid
Future release,,,,,,,https://www.lennar.com/new-homes/minnesota/minneapolis-st-paul/lake-elmo/royal-club/the-woods-classic-collection/blakely
Future release,,,,,,,https://www.lennar.com/new-homes/minnesota/minneapolis-st-paul/lake-elmo/royal-club/the-woods-classic-collection/charlotte
Future release,,,,,,,https://www.lennar.com/new-homes/minnesota/minneapolis-st-paul/lake-elmo/royal-club/the-woods-classic-collection/snelling
Future release,,,,,,,https://www.lennar.com/new-homes/minnesota/minneapolis-st-paul/lake-elmo/royal-club/the-woods-classic-collection/springdale
Future release,,,,,,,https://www.lennar.com/new-homes/minnesota/minneapolis-st-paul/lake-elmo/royal-club/the-woods-classic-collection/washburn
Future release,,,,,,,https://www.lennar.com/new-homes/minnesota/minneapolis-st-paul/lake-elmo/royal-club/the-woods-enclave-villa-collection/brisbane
Future release,,,,,,,https://www.lennar.com/new-homes/minnesota/minneapolis-st-paul/lake-elmo/royal-club/the-woods-enclave-villa-collection/cordoba
Future release,,,,,,,https://www.lennar.com/new-homes/minnesota/minneapolis-st-paul/rogers/skye-meadows/colonial-manor-collection/franklin
Future release,,,,,,,https://www.lennar.com/new-homes/minnesota/minneapolis-st-paul/rogers/skye-meadows/colonial-manor-collection/revere
Future release,,,,,,,https://www.lennar.com/new-homes/minnesota/minneapolis-st-paul/rogers/skye-meadows/discovery-collection/bristol
Future release,,,,,,,https://www.lennar.com/new-homes/minnesota/minneapolis-st-paul/rogers/skye-meadows/discovery-collection/clearwater
Future release,,,,,,,https://www.lennar.com/new-homes/minnesota/minneapolis-st-paul/rogers/skye-meadows/discovery-collection/lewis
Future release,,,,,,,https://www.lennar.com/new-homes/minnesota/minneapolis-st-paul/rogers/skye-meadows/discovery-collection/sinclair
Future release,,,,,,,https://www.lennar.com/new-homes/minnesota/minneapolis-st-paul/rogers/skye-meadows/discovery-collection/springfield
Future release,,,,,,,https://www.lennar.com/new-homes/minnesota/minneapolis-st-paul/rogers/skye-meadows/heritage-collection/alden-ii
Future release,,,,,,,https://www.lennar.com/new-homes/minnesota/minneapolis-st-paul/rogers/skye-meadows/heritage-collection/donovan
Future release,,,,,,,https://www.lennar.com/new-homes/minnesota/minneapolis-st-paul/rogers/skye-meadows/heritage-collection/foster
Future release,,,,,,,https://www.lennar.com/new-homes/minnesota/minneapolis-st-paul/rogers/skye-meadows/landmark-collection/clearwater
Future release,,,,,,,https://www.lennar.com/new-homes/minnesota/minneapolis-st-paul/rogers/skye-meadows/landmark-collection/independence
Future release,,,,,,,https://www.lennar.com/new-homes/minnesota/minneapolis-st-paul/rogers/skye-meadows/landmark-collection/mckinley
Future release,,,,,,,https://www.lennar.com/new-homes/minnesota/minneapolis-st-paul/rogers/skye-meadows/landmark-collection/taylor
Future release,,,,,,,https://www.lennar.com/new-homes/minnesota/minneapolis-st-paul/rogers/skye-meadows/landmark-collection/washburn
Future release,,,,,,,https://www.lennar.com/new-homes/minnesota/minneapolis-st-paul/rogers/skye-meadows/liberty-collection/st-croix
Future release,,,,,,,https://www.lennar.com/new-homes/minnesota/minneapolis-st-paul/rogers/skye-meadows/liberty-collection/stclair
Future release,,,,,,,https://www.lennar.com/new-homes/minnesota/minneapolis-st-paul/rogers/skye-meadows/twin-home-collection/aspen
Future release,,,,,,,https://www.lennar.com/new-homes/minnesota/minneapolis-st-paul/woodbury/spancil-hill/clearwater
Future release,,,,,,,https://www.lennar.com/new-homes/minnesota/minneapolis-st-paul/woodbury/spancil-hill/independence
Future release,,,,,,,https://www.lennar.com/new-homes/minnesota/minneapolis-st-paul/woodbury/spancil-hill/snelling
Future release,,,,,,,https://www.lennar.com/new-homes/minnesota/minneapolis-st-paul/woodbury/spancil-hill/taylor
Future release,,,,,,,https://www.lennar.com/new-homes/minnesota/minneapolis-st-paul/shakopee/summerland-place/landmark-collection/clearwater
Future release,,,,,,,https://www.lennar.com/new-homes/minnesota/minneapolis-st-paul/shakopee/summerland-place/landmark-collection/mckinley
Future release,,,,,,,https://www.lennar.com/new-homes/minnesota/minneapolis-st-paul/shakopee/summerland-place/landmark-collection/sinclair
Future release,,,,,,,https://www.lennar.com/new-homes/minnesota/minneapolis-st-paul/shakopee/summerland-place/liberty-collection/richmond
Future release,,,,,,,https://www.lennar.com/new-homes/minnesota/minneapolis-st-paul/shakopee/summerland-place/liberty-collection/st-croix
Future release,,,,,,,https://www.lennar.com/new-homes/minnesota/minneapolis-st-paul/shakopee/summerland-place/liberty-collection/taylor
Future release,,,,,,,https://www.lennar.com/new-homes/minnesota/minneapolis-st-paul/cottage-grove/summers-landing-west/discovery-collection/clearwater
Future release,,,,,,,https://www.lennar.com/new-homes/minnesota/minneapolis-st-paul/cottage-grove/summers-landing-west/discovery-collection/lewis
Future release,,,,,,,https://www.lennar.com/new-homes/minnesota/minneapolis-st-paul/cottage-grove/summers-landing-west/discovery-collection/sinclair
Future release,,,,,,,https://www.lennar.com/new-homes/minnesota/minneapolis-st-paul/cottage-grove/summers-landing-west/discovery-collection/vanderbilt
Future release,,,,,,,https://www.lennar.com/new-homes/minnesota/minneapolis-st-paul/cottage-grove/summers-landing-west/heritage-collection/carlisle
Future release,,,,,,,https://www.lennar.com/new-homes/minnesota/minneapolis-st-paul/cottage-grove/summers-landing-west/heritage-collection/carlton
Future release,,,,,,,https://www.lennar.com/new-homes/minnesota/minneapolis-st-paul/cottage-grove/summers-landing-west/heritage-collection/courtland
Future release,,,,,,,https://www.lennar.com/new-homes/minnesota/minneapolis-st-paul/cottage-grove/summers-landing-west/heritage-collection/courtland-ii
Future release,,,,,,,https://www.lennar.com/new-homes/minnesota/minneapolis-st-paul/cottage-grove/summers-landing-west/heritage-collection/danbury
Future release,,,,,,,https://www.lennar.com/new-homes/minnesota/minneapolis-st-paul/cottage-grove/summers-landing-west/heritage-collection/roosevelt-ii
Future release,,,,,,,https://www.lennar.com/new-homes/minnesota/minneapolis-st-paul/dayton/sundance-greens/colonial-manor-collection/franklin
Future release,,,,,,,https://www.lennar.com/new-homes/minnesota/minneapolis-st-paul/dayton/sundance-greens/landmark-collection/clearwater
Future release,,,,,,,https://www.lennar.com/new-homes/minnesota/minneapolis-st-paul/dayton/sundance-greens/landmark-collection/independence
Future release,,,,,,,https://www.lennar.com/new-homes/minnesota/minneapolis-st-paul/dayton/sundance-greens/landmark-collection/itasca
Future release,,,,,,,https://www.lennar.com/new-homes/minnesota/minneapolis-st-paul/dayton/sundance-greens/landmark-collection/sinclair
Future release,,,,,,,https://www.lennar.com/new-homes/minnesota/minneapolis-st-paul/dayton/sundance-greens/lifestyle-villa-collection/buckingham
Future release,,,,,,,https://www.lennar.com/new-homes/minnesota/minneapolis-st-paul/dayton/sundance-greens/lifestyle-villa-collection/corsica
Future release,,,,,,,https://www.lennar.com/new-homes/minnesota/minneapolis-st-paul/dayton/sundance-greens/lifestyle-villa-collection/florence
Future release,,,,,,,https://www.lennar.com/new-homes/minnesota/minneapolis-st-paul/dayton/sundance-greens/lifestyle-villa-collection/lisbon
Future release,,,,,,,https://www.lennar.com/new-homes/minnesota/minneapolis-st-paul/rosemount/talamore/discovery-collection/clearwater
Future release,,,,,,,https://www.lennar.com/new-homes/minnesota/minneapolis-st-paul/rosemount/talamore/discovery-collection/sinclair
Future release,,,,,,,https://www.lennar.com/new-homes/minnesota/minneapolis-st-paul/rosemount/talamore/discovery-collection/vanderbilt
Future release,,,,,,,https://www.lennar.com/new-homes/minnesota/minneapolis-st-paul/rosemount/talamore/liberty-collection/taylor
Future release,,,,,,,https://www.lennar.com/new-homes/minnesota/minneapolis-st-paul/rosemount/talamore/venture-collection/carlsbad
Future release,,,,,,,https://www.lennar.com/new-homes/minnesota/minneapolis-st-paul/rosemount/talamore/venture-collection/carlton
Future release,,,,,,,https://www.lennar.com/new-homes/minnesota/minneapolis-st-paul/rosemount/talamore/venture-collection/cascade
Future release,,,,,,,https://www.lennar.com/new-homes/minnesota/minneapolis-st-paul/rosemount/talamore/venture-collection/glacier
Future release,,,,,,,https://www.lennar.com/new-homes/minnesota/minneapolis-st-paul/rosemount/talamore/venture-collection/sequoia
Future release,,,,,,,https://www.lennar.com/new-homes/minnesota/minneapolis-st-paul/corcoran/tavera/landmark-collection/clearwater
Future release,,,,,,,https://www.lennar.com/new-homes/minnesota/minneapolis-st-paul/corcoran/tavera/landmark-collection/itasca
Future release,,,,,,,https://www.lennar.com/new-homes/minnesota/minneapolis-st-paul/corcoran/tavera/landmark-collection/snelling
Future release,,,,,,,https://www.lennar.com/new-homes/minnesota/minneapolis-st-paul/corcoran/tavera/landmark-collection/summit
Future release,,,,,,,https://www.lennar.com/new-homes/minnesota/minneapolis-st-paul/dayton/territorial-commons/liberty-collection/richmond
Future release,,,,,,,https://www.lennar.com/new-homes/minnesota/minneapolis-st-paul/dayton/territorial-commons/liberty-collection/st-croix
Future release,,,,,,,https://www.lennar.com/new-homes/minnesota/minneapolis-st-paul/dayton/territorial-commons/liberty-collection/stclair
Future release,,,,,,,https://www.lennar.com/new-homes/minnesota/minneapolis-st-paul/chanhassen/the-park/landmark-collection/mckinley
Future release,,,,,,,https://www.lennar.com/new-homes/minnesota/minneapolis-st-paul/chanhassen/the-park/landmark-collection/snelling
Future release,,,,,,,https://www.lennar.com/new-homes/minnesota/minneapolis-st-paul/chanhassen/the-park/landmark-collection/taylor
Future release,,,,,,,https://www.lennar.com/new-homes/minnesota/minneapolis-st-paul/chanhassen/the-park/landmark-collection/washburn
Future release,,,,,,,https://www.lennar.com/new-homes/minnesota/minneapolis-st-paul/carver/timber-creek/discovery-collection/clearwater
Future release,,,,,,,https://www.lennar.com/new-homes/minnesota/minneapolis-st-paul/carver/timber-creek/discovery-collection/itasca
Future release,,,,,,,https://www.lennar.com/new-homes/minnesota/minneapolis-st-paul/carver/timber-creek/discovery-collection/sinclair
Future release,,,,,,,https://www.lennar.com/new-homes/minnesota/minneapolis-st-paul/carver/timber-creek/discovery-collection/taylor
Future release,,,,,,,https://www.lennar.com/new-homes/minnesota/minneapolis-st-paul/carver/timber-creek/heritage-collection/alden-ii
Future release,,,,,,,https://www.lennar.com/new-homes/minnesota/minneapolis-st-paul/carver/timber-creek/heritage-collection/carlisle
Future release,,,,,,,https://www.lennar.com/new-homes/minnesota/minneapolis-st-paul/carver/timber-creek/heritage-collection/courtland
Future release,,,,,,,https://www.lennar.com/new-homes/minnesota/minneapolis-st-paul/carver/timber-creek/heritage-collection/courtland-ii
Future release,,,,,,,https://www.lennar.com/new-homes/minnesota/minneapolis-st-paul/carver/timber-creek/heritage-collection/danbury
Future release,,,,,,,https://www.lennar.com/new-homes/minnesota/minneapolis-st-paul/carver/timber-creek/heritage-collection/donovan
Future release,,,,,,,https://www.lennar.com/new-homes/minnesota/minneapolis-st-paul/carver/timber-creek/heritage-collection/foster
Future release,,,,,,,https://www.lennar.com/new-homes/minnesota/minneapolis-st-paul/carver/timber-creek/liberty-collection/richmond
Future release,,,,,,,https://www.lennar.com/new-homes/minnesota/minneapolis-st-paul/carver/timber-creek/liberty-collection/st-croix
Future release,,,,,,,https://www.lennar.com/new-homes/minnesota/minneapolis-st-paul/carver/timber-creek/liberty-collection/taylor
Future release,,,,,,,https://www.lennar.com/new-homes/minnesota/minneapolis-st-paul/lakeville/voyageur-farms/biscayne
Future release,,,,,,,https://www.lennar.com/new-homes/minnesota/minneapolis-st-paul/lakeville/voyageur-farms/carlsbad
Future release,,,,,,,https://www.lennar.com/new-homes/minnesota/minneapolis-st-paul/lakeville/voyageur-farms/glacier
Future release,,,,,,,https://www.lennar.com/new-homes/minnesota/minneapolis-st-paul/lakeville/voyageur-farms/roosevelt-ii
Future release,,,,,,,https://www.lennar.com/new-homes/minnesota/minneapolis-st-paul/lakeville/voyageur-farms/sequoia
Future release,,,,,,,https://www.lennar.com/new-homes/minnesota/minneapolis-st-paul/waconia/waterford/discovery-collection/bristol
Future release,,,,,,,https://www.lennar.com/new-homes/minnesota/minneapolis-st-paul/waconia/waterford/discovery-collection/clearwater
Future release,,,,,,,https://www.lennar.com/new-homes/minnesota/minneapolis-st-paul/waconia/waterford/discovery-collection/sinclair
Future release,,,,,,,https://www.lennar.com/new-homes/minnesota/minneapolis-st-paul/waconia/waterford/discovery-collection/taylor
Future release,,,,,,,https://www.lennar.com/new-homes/minnesota/minneapolis-st-paul/waconia/waterford/liberty-collection/st-croix
Future release,,,,,,,https://www.lennar.com/new-homes/minnesota/minneapolis-st-paul/lino-lakes/watermark/colonial-manor-collection/franklin
Future release,,,,,,,https://www.lennar.com/new-homes/minnesota/minneapolis-st-paul/lino-lakes/watermark/colonial-manor-collection/revere
Future release,,,,,,,https://www.lennar.com/new-homes/minnesota/minneapolis-st-paul/lino-lakes/watermark/discovery-collection/lewis
Future release,,,,,,,https://www.lennar.com/new-homes/minnesota/minneapolis-st-paul/lino-lakes/watermark/heritage-collection/carlisle
Future release,,,,,,,https://www.lennar.com/new-homes/minnesota/minneapolis-st-paul/lino-lakes/watermark/heritage-collection/courtland
Future release,,,,,,,https://www.lennar.com/new-homes/minnesota/minneapolis-st-paul/lino-lakes/watermark/heritage-collection/courtland-ii
Future release,,,,,,,https://www.lennar.com/new-homes/minnesota/minneapolis-st-paul/lino-lakes/watermark/heritage-collection/danbury
Future release,,,,,,,https://www.lennar.com/new-homes/minnesota/minneapolis-st-paul/lino-lakes/watermark/heritage-collection/donovan
Future release,,,,,,,https://www.lennar.com/new-homes/minnesota/minneapolis-st-paul/lino-lakes/watermark/landmark-collection/clearwater
Future release,,,,,,,https://www.lennar.com/new-homes/minnesota/minneapolis-st-paul/lino-lakes/watermark/landmark-collection/independence
Future release,,,,,,,https://www.lennar.com/new-homes/minnesota/minneapolis-st-paul/lino-lakes/watermark/landmark-collection/itasca
Future release,,,,,,,https://www.lennar.com/new-homes/minnesota/minneapolis-st-paul/lino-lakes/watermark/landmark-collection/lewis
Future release,,,,,,,https://www.lennar.com/new-homes/minnesota/minneapolis-st-paul/lino-lakes/watermark/landmark-collection/sinclair
Future release,,,,,,,https://www.lennar.com/new-homes/minnesota/minneapolis-st-paul/lino-lakes/watermark/lifestyle-villa-collection/brisbane
Future release,,,,,,,https://www.lennar.com/new-homes/minnesota/minneapolis-st-paul/lino-lakes/watermark/lifestyle-villa-collection/lima
Future release,,,,,,,https://www.lennar.com/new-homes/minnesota/minneapolis-st-paul/lino-lakes/watermark/lifestyle-villa-collection/salem
Future release,,,,,,,https://www.lennar.com/new-homes/minnesota/minneapolis-st-paul/oakdale/willowbrooke/heritage-collection/alden-ii
Future release,,,,,,,https://www.lennar.com/new-homes/minnesota/minneapolis-st-paul/oakdale/willowbrooke/heritage-collection/courtland
Future release,,,,,,,https://www.lennar.com/new-homes/minnesota/minneapolis-st-paul/oakdale/willowbrooke/heritage-collection/courtland-ii
Future release,,,,,,,https://www.lennar.com/new-homes/minnesota/minneapolis-st-paul/oakdale/willowbrooke/heritage-collection/donovan
Future release,,,,,,,https://www.lennar.com/new-homes/minnesota/minneapolis-st-paul/oakdale/willowbrooke/heritage-collection/foster
Future release,,,,,,,https://www.lennar.com/new-homes/minnesota/minneapolis-st-paul/oakdale/willowbrooke/lifestyle-villa-collection/buckingham
Future release,,,,,,,https://www.lennar.com/new-homes/minnesota/minneapolis-st-paul/oakdale/willowbrooke/lifestyle-villa-collection/corsica
Future release,,,,,,,https://www.lennar.com/new-homes/minnesota/minneapolis-st-paul/oakdale/willowbrooke/lifestyle-villa-collection/florence
Future release,,,,,,,https://www.lennar.com/new-homes/minnesota/minneapolis-st-paul/oakdale/willowbrooke/lifestyle-villa-collection/lisbon
Future release,,,,,,,https://www.lennar.com/new-homes/minnesota/minneapolis-st-paul/oakdale/willowbrooke/lifestyle-villa-collection/salem
Future release,,,,,,,https://www.lennar.com/new-homes/minnesota/minneapolis-st-paul/oakdale/willowbrooke/venture-collection/biscayne
Future release,,,,,,,https://www.lennar.com/new-homes/minnesota/minneapolis-st-paul/oakdale/willowbrooke/venture-collection/carlsbad
Future release,,,,,,,https://www.lennar.com/new-homes/minnesota/minneapolis-st-paul/oakdale/willowbrooke/venture-collection/cascade
Future release,,,,,,,https://www.lennar.com/new-homes/minnesota/minneapolis-st-paul/oakdale/willowbrooke/venture-collection/sequoia
Future release,,,,,,,https://www.lennar.com/new-homes/minnesota/minneapolis-st-paul/st-michael/anton-village/landmark-collection/bristol
Future release,,,,,,,https://www.lennar.com/new-homes/minnesota/minneapolis-st-paul/st-michael/anton-village/landmark-collection/clearwater
Future release,,,,,,,https://www.lennar.com/new-homes/minnesota/minneapolis-st-paul/st-michael/anton-village/landmark-collection/itasca
Future release,,,,,,,https://www.lennar.com/new-homes/minnesota/minneapolis-st-paul/st-michael/anton-village/landmark-collection/lewis
Future release,,,,,,,https://www.lennar.com/new-homes/minnesota/minneapolis-st-paul/st-michael/anton-village/landmark-collection/mckinley
Future release,,,,,,,https://www.lennar.com/new-homes/minnesota/minneapolis-st-paul/st-michael/anton-village/landmark-collection/springfield
Future release,,,,,,,https://www.lennar.com/new-homes/minnesota/minneapolis-st-paul/st-michael/anton-village/landmark-collection/vanderbilt
Future release,,,,,,,https://www.lennar.com/new-homes/minnesota/minneapolis-st-paul/st-michael/anton-village/landmark-collection/washburn
Future release,,,,,,,https://www.lennar.com/new-homes/minnesota/minneapolis-st-paul/st-michael/anton-village/lifestyle-villa-collection/birmingham
Future release,,,,,,,https://www.lennar.com/new-homes/minnesota/minneapolis-st-paul/st-michael/anton-village/lifestyle-villa-collection/brisbane
Future release,,,,,,,https://www.lennar.com/new-homes/minnesota/minneapolis-st-paul/st-michael/anton-village/lifestyle-villa-collection/cordoba
Future release,,,,,,,https://www.lennar.com/new-homes/minnesota/minneapolis-st-paul/st-michael/anton-village/lifestyle-villa-collection/salem
Future release,,,,,,,https://www.lennar.com/new-homes/minnesota/minneapolis-st-paul/andover/fields-of-winslow-cove/lifestyle-villa-collection/birmingham
Future release,,,,,,,https://www.lennar.com/new-homes/minnesota/minneapolis-st-paul/andover/fields-of-winslow-cove/lifestyle-villa-collection/brighton
Future release,,,,,,,https://www.lennar.com/new-homes/minnesota/minneapolis-st-paul/andover/fields-of-winslow-cove/lifestyle-villa-collection/brisbane
Future release,,,,,,,https://www.lennar.com/new-homes/minnesota/minneapolis-st-paul/andover/fields-of-winslow-cove/lifestyle-villa-collection/buckingham
Future release,,,,,,,https://www.lennar.com/new-homes/minnesota/minneapolis-st-paul/andover/fields-of-winslow-cove/lifestyle-villa-collection/cordoba
Future release,,,,,,,https://www.lennar.com/new-homes/minnesota/minneapolis-st-paul/andover/fields-of-winslow-cove/lifestyle-villa-collection/corsica
Future release,,,,,,,https://www.lennar.com/new-homes/minnesota/minneapolis-st-paul/andover/fields-of-winslow-cove/lifestyle-villa-collection/salem
Future release,,,,,,,https://www.lennar.com/new-homes/minnesota/minneapolis-st-paul/andover/fields-of-winslow-cove/lifestyle-villa-collection/salerno
Future release,,,,,,,https://www.lennar.com/new-homes/minnesota/minneapolis-st-paul/corcoran/tavera/twinhome-collection/aspen
Future release,,,,,,,https://www.lennar.com/new-homes/minnesota/minneapolis-st-paul/corcoran/tavera/twinhome-collection/aster
Future release,,,,,,,https://www.lennar.com/new-homes/minnesota/minneapolis-st-paul/corcoran/tavera/twinhome-collection/magnolia
Future release,,,,,,,https://www.lennar.com/new-homes/minnesota/minneapolis-st-paul/corcoran/tavera/twinhome-collection/mulberry
